{
  "view_min_x": -12.447001457214355,
  "view_max_x": 4.1296257972717285,
  "view_min_z": -9.972880363464355,
  "view_max_z": 1.1548287868499756
}